factor,mean_intraday,mean_overnight,mean_daily
1,-0.009368768227086781,0.00744364040288984,-0.0019251278241969403
