SR_intraday,SR_overnight,SR_daily
1.0480721750358797,3.235355846250024,0.1273621104365612
