SR_intraday,SR_overnight,SR_daily
1.3836837099935269,2.2643621036385273,0.2565796166995167
