frac_jump_increments,frac_qv_explained_by_jumps
0.01832107843137255,0.25179151381706577
