factor,mean_intraday,mean_overnight,mean_daily
1,-0.00889258445528583,0.0077160821254025755,-0.0011765023298832588
