metric,mean,median,min,max
gc_1,0.9925699843853834,0.9946074402951219,0.9776476083280704,0.9986235108149897
explained_variation,0.29688142182102123,0.2879448114098845,0.24730785082129422,0.3940897264626249
