frac_jump_increments,frac_qv_explained_by_jumps
0.01813000096404126,0.2145264333243912
